# generated 2018-01-01, source=internal
URL,Comments
https://www.example.com/product/MG_8769.html,
https://www.example.com/product/RI_3895.html,
https://www.example.com/product/RI_8070.html,
https://www.example.com/product/RI_9546.html,
https://www.example.com/product/CC_9259.html,
https://www.example.com/product/CC_1697.html,
https://www.example.com/product/RI_6052.html,
https://www.example.com/product/YY_3522.html,
https://www.example.com/product/YY_5315.html,
https://www.example.com/product/BH_9827.html,
https://www.example.com/product/BH_7885.html,
https://www.example.com/product/BH_7531.html,
https://www.example.com/product/BH_3190.html,
https://www.example.com/product/HK_3372.html,
https://www.example.com/product/HK_5716.html,
https://www.example.com/product/AN_5096.html,
https://www.example.com/product/AN_8641.html,
https://www.example.com/product/ZN_4777.html,
https://www.example.com/product/ZN_2049.html,
https://www.example.com/product/GN_5043.html,
https://www.example.com/product/GN_9860.html,
https://www.example.com/product/YY_2600.html,
https://www.example.com/product/YY_4017.html,
https://www.example.com/product/RI_9156.html,
https://www.example.com/product/RI_9121.html,
https://www.example.com/product/RI_7338.html,
https://www.example.com/product/ZN_6172.html,
https://www.example.com/product/YY_2057.html,
https://www.example.com/product/BH_5486.html,
https://www.example.com/product/BH_1732.html,
https://www.example.com/product/BH_4480.html,
https://www.example.com/product/BH_1061.html,
https://www.example.com/product/ON_7017.html,
https://www.example.com/product/ON_1026.html,
https://www.example.com/product/AN_6109.html,
https://www.example.com/product/AN_9272.html,
https://www.example.com/product/AN_1646.html,
https://www.example.com/product/AN_9388.html,
https://www.example.com/product/YY_9611.html,
https://www.example.com/product/RI_1639.html,
https://www.example.com/product/RI_3655.html,
https://www.example.com/product/CC_5271.html,
https://www.example.com/product/CC_9916.html,
https://www.example.com/product/YY_7121.html,
https://www.example.com/product/YY_8954.html,
https://www.example.com/product/YY_8239.html,
https://www.example.com/product/BH_2268.html,
https://www.example.com/product/BH_4482.html,
https://www.example.com/product/HK_4191.html,
https://www.example.com/product/AN_5829.html,
https://www.example.com/product/BH_7941.html,
https://www.example.com/product/HK_8027.html,
https://www.example.com/product/AN_2099.html,
https://www.example.com/product/AN_5746.html,
https://www.example.com/product/AN_5136.html,
https://www.example.com/product/ZN_5503.html,
https://www.example.com/product/ZN_4103.html,
https://www.example.com/product/GN_1741.html,
https://www.example.com/product/GN_5567.html,
https://www.example.com/product/GN_3028.html,
https://www.example.com/product/YY_4147.html,
https://www.example.com/product/WH_3118.html,
https://www.example.com/product/WH_2859.html,
https://www.example.com/product/CC_2828.html,
https://www.example.com/product/HK_9973.html,
https://www.example.com/product/CC_5815.html,
https://www.example.com/product/YY_2632.html,
https://www.example.com/product/YY_1196.html,
https://www.example.com/product/YY_1894.html,
https://www.example.com/product/BH_1861.html,
https://www.example.com/product/RI_7731.html,
https://www.example.com/product/ZN_7072.html,
https://www.example.com/product/GN_1306.html,
https://www.example.com/product/GN_7767.html,
https://www.example.com/product/GN_4624.html,
https://www.example.com/product/RI_7676.html,
https://www.example.com/product/RI_5314.html,
https://www.example.com/product/YY_7734.html,
https://www.example.com/product/BH_7744.html,
https://www.example.com/product/YY_8580.html,
https://www.example.com/product/BH_7918.html,
https://www.example.com/product/BH_1085.html,
https://www.example.com/product/GN_2043.html,
